;4e-05;8e-05;0.00012000000000000002;0.00016;0.0002;0.00024000000000000003;0.00028;0.00032;0.00036;0.0004
0.1999768724986632;27102115.484499946;15566077.736992376;11253981.262691459;8940363.94511955;7478718.52446237;6463714.881810564;5713796.379208735;5134890.678416818;4673144.21759602;4295395.833267887
0.29995374499734095;114573050.2180176;65804937.15621481;47575731.16756906;37795011.53101361;31615967.15797688;27325082.06498383;24154833.221967928;21707533.78638465;19755520.096756976;18158604.73300415
0.39993061749603326;163602929.04648736;93965207.73419818;67935076.8416438;53968839.77561416;45145562.781474635;39018455.50729673;34491544.54929483;30996958.735673267;28209609.035597812;25929316.85124765
0.49990748999472556;212860066.03643262;122256003.85030507;88388790.0233954;70217635.25567839;58737869.37021182;50766028.85002631;44876167.51883015;40329441.05498986;36702883.482441016;33736046.960796535
0.5998843624933596;261680714.62855902;150296103.21413735;108661254.1711649;86322443.26227199;72209728.76107822;62409501.95916602;55168767.93653021;49579224.28734836;45120895.41948202;41473598.321316294
0.6998612349919937;343183461.1891368;197107138.6650747;142504751.85588303;113208322.97137211;94700080.1451151;81847487.01805665;72351563.07515064;65021107.184594095;59174192.80970176;54390913.140390545
0.7998381074906278;452473460.6768452;259877759.979654;187886729.77335042;149260577.69447115;124858210.94396982;107912588.70821019;95392598.51438512;85727690.03177327;78018770.80728096;71712210.75960536
0.8998149799892619;489444527.1672554;281112061.6096638;203238730.23924553;161456481.37042287;135060226.35450423;116729997.54875393;103187013.89753868;92732397.27690701;84393591.46240011;77571729.91947307
0.9997918524878959;549617912.0208564;315672595.7076306;228225345.99041948;181306295.70350018;151664827.1371111;131081039.75391224;115873051.9560019;104133121.81260839;94769124.90157408;87108568.7216544
1.09976872498653;599428405.321661;344281211.56574357;248908836.8645271;197737630.69097766;165409830.14893818;142960585.72525415;126374336.12444654;113570445.54786873;103357813.07528421;95002999.89621201
1.199745597485164;673489532.5854692;386818159.09432435;279662249.4163034;222168691.51731625;185846696.9583639;160623782.9296394;141988253.82921338;127602405.23889235;116127972.24678686;106740897.53885244
1.2997224699837981;739294828.6640078;424613376.77208024;306987480.5215018;243876343.70391148;204005400.73452306;176318006.9398674;155861638.092569;140070177.4176873;127474600.85341685;117170334.11712885
1.3996993424824322;808808692.3492256;464538607.2044297;335852670.76313275;266807366.96417055;223187468.6563774;192896705.21348575;170516880.147625;153240591.7664161;139460687.70737937;128187539.05076611
1.4996762149810663;824587179.0452551;473600968.06046575;342404587.1156511;272012326.4680305;227541477.87787354;196659792.98159373;173843375.46142134;156230055.97637093;142181329.34541494;130688260.66595395
1.5996530874797004;845113742.2115381;485390382.7318921;350928112.05572236;278783567.08775306;233205699.48754963;201555272.5203122;178170882.75007552;160119112.45695338;145720668.9228916;133941501.68864037
1.6996299599783344;875329989.9870262;502745059.78883505;363475216.96672636;288751211.58116066;241543750.15032956;208761691.90593418;184541215.25166893;165844020.87333974;150930774.51963797;138730454.22874948
1.7996068324769685;918409907.1861916;527487974.79887867;381363878.8770845;302962284.4660955;253431478.06492546;219036030.16069785;193623527.48113188;174006138.8961728;158358927.72298974;145558160.9788236
1.8995837049756026;954722001.5241041;548343796.3151065;396442245.3434105;314940808.3999967;263451652.79048514;227696277.53865257;201279015.23330116;180885994.26525572;164620123.59831065;151313240.09083983
1.9995605774742367;1006259251.033104;577944173.1811378;417842760.76209134;331941760.5066475;277673147.1540236;239987645.967417;212144342.32584053;190650477.12440264;173506551.6585673;159481343.68133846
2.0995374499728707;1047710121.2991046;601751446.4250124;435054971.28354084;345615448.3127495;289111346.1938999;249873464.9233425;220883211.1634558;198503948.46920928;180653812.72048223;166050863.89195558
2.199514322471505;1094631270.1932251;628700569.6996363;454538680.2501106;361093655.0998354;302059046.36971205;261063917.14291355;230775350.0561879;207393843.80652457;188744299.0798567;173487364.83843106
2.299491194970139;1148045479.0557833;659378976.6265801;476718591.1151679;378713772.88528985;316798480.0319421;273802930.7052488;242036386.6114985;217513943.9640265;197954366.14736158;181952946.4391262
2.399468067468773;1196398652.815855;687150582.2051209;496796939.3090107;394664371.70713884;330141341.6444541;285334913.4759119;252230431.77050257;226675157.27796432;206291772.6678427;189616408.03174967
2.499444939967407;1255378944.1491594;721025864.0210285;521288130.55615675;414120611.9556349;346416713.12329084;299401409.0246676;264664936.20089114;237849832.86190137;216461584.22937858;198964154.25410214
2.599421812466041;1305542503.6521025;749837263.1619437;542118229.9275099;430668415.3548014;360259143.3174298;311365159.4658185;275240655.45867616;247354050.13361993;225111150.65009907;206914542.65068644
2.699398684964675;1361080772.1744807;781735622.007459;565180143.0711777;448989211.521278;375584702.6027327;324610750.31142426;286949496.3339265;257876584.34295294;234687463.56002945;215716765.02090532
2.7993755574633092;1421861448.3738542;816644953.3903742;590418932.6952801;469039357.28807586;392356882.9619225;339106628.37308735;299763566.4308701;269392369.0728402;245167710.5977612;225349853.0150622
2.8993524299619433;1477799371.5415738;848772853.5527288;613646799.8912355;487491990.3210798;407792725.3209296;352447534.7921285;311556664.3917641;279990623.67802674;254812934.87352118;234215416.37795484
2.9993293024605774;1542082005.5474043;885693531.5214177;640339755.2449172;508697351.3450825;425531256.6918703;367778611.74452007;325109033.8235376;292169905.34072334;265897014.99147338;244403527.28088665
3.0993061749592115;1599879343.1726215;918889384.8480616;664339732.4806281;527763362.39960396;441480196.9068712;381562978.92983353;337294142.3490961;303120453.10806435;275862853.0556714;253563787.9753438
3.1992830474578455;1661161998.139472;954087027.323201;689786965.5986253;547979099.4050868;458390896.265043;396178576.3407688;350214041.98785895;314731345.0296897;286429654.92990416;263276434.2426361
3.2992599199564796;1726790808.2043626;991780880.4041746;717038912.0079511;569628532.9188924;476500899.44362664;411830709.34619915;364050218.63373715;327165679.3616528;297745852.532185;273677899.67275035
3.3992367924551137;1789569913.8162234;1027838008.0764408;743107536.7486457;590337914.540419;493824538.27016586;426803202.52453464;377285607.0867227;339060095.66247934;308570683.3297553;283627717.384055
3.4992136649537477;1858747142.5522914;1067569892.5026293;771832941.4664431;613157889.6810657;512913713.1471363;443301615.0975123;391869878.16703457;352166729.61504805;320498725.1330662;294591569.2737663
3.599190537452382;1906449583.9581063;1094967750.4887218;791641077.184578;628893826.8806014;526077007.81347746;454678401.55500305;401926732.848351;361204652.2027693;328723927.6397953;302151896.73855054
3.699167409951016;1952956083.7649841;1121678720.4011424;810952605.7521312;644235250.4799856;538910287.260335;465769962.1040156;411731453.4561665;370015986.2287316;336742917.18241787;309522680.2334639
3.79914428244965;2006486060.88506;1152423618.7315772;833180588.6505961;661893557.5483459;553681666.7023178;478536585.7992003;423016896.8239637;380158020.3694609;345972945.85637164;318006609.8664851
3.899121154948284;2056789348.4004204;1181315270.5414886;854068709.1913443;678487454.0019418;567562654.2731068;490533660.6512695;433622074.20326835;389688711.14908;354646605.19904834;325979143.66063374
3.999098027446918;2111132882.0134933;1212527434.374525;876634516.2546299;696414134.6273972;582558531.3200234;503494313.3776567;445079035.40503806;399984885.42158747;364016913.2110913;334592013.3084003
4.099074899945553;2168671792.287256;1245574860.1644142;900527183.1745536;715394896.4482652;598436159.5585945;517217046.9713628;457209661.05209714;410886470.3616981;373938191.34845024;343711316.02785033
4.199051772444187;2224353396.9786234;1277555544.020702;923648615.7517178;733762975.9169645;613801271.876683;530496822.7546431;468948720.7375328;421436161.69677305;383539219.32498634;352536255.64991766
4.299028644942821;2283194280.7830696;1311350757.2370772;948081918.9082229;753173228.8311695;630038174.4149979;544530070.3261545;481353834.61226016;432584424.4930866;393684993.2246745;361861907.26792353
4.399005517441455;2343400226.1738563;1345929992.4527931;973082055.2155924;773033784.1358498;646651760.1453999;558888878.0516421;494046737.2374262;443991318.0969907;404066140.9889046;371403906.5674779
4.498982389940089;2403383774.400926;1380381494.040446;997989842.5137148;792820975.7363068;663203976.2831134;573194645.1996288;506692753.0389561;455356075.31771964;414408941.41378546;380910658.2919522
4.598959262438723;2465229341.3574724;1415902444.5538692;1023670821.258993;813222404.4476594;680270008.9150813;587944494.2193346;519731328.4501094;467073619.1178789;425072804.6746503;390712520.0972831
4.698936134937357;2528148796.594903;1452040181.9181538;1049797725.2900044;833978084.1794904;697632376.6498963;602950460.0601288;532996306.0760472;478994626.7002786;435921835.5772505;400684581.7252031
4.798913007435991;2590772885.3084884;1488008275.7623944;1075801980.2485816;854636329.295116;714913239.1939168;617885982.507049;546199013.1321627;490859672.7910021;446719937.23176724;410609830.91382605
4.898889879934625;2655943928.708958;1525439210.936175;1102863841.9589133;876134756.1251774;732896923.5235139;633428940.5219588;559938681.2412398;503207276.5583604;457957203.37048465;420938745.2169257
4.998866752433259;2720475493.6244535;1562502862.1680799;1129660164.291262;897422233.7253176;750704146.3664011;648819386.2135272;573543531.4666655;515433721.8090183;469084205.96959096;431166309.0102686
5.098843624931893;2785989182.505584;1600130595.4918494;1156864307.3604498;919033691.4109575;768782382.3226081;664444063.4098667;587355437.7192125;527846244.7553096;480380553.5385975;441549528.96233916
5.198820497430527;2855124310.809935;1639838299.5697105;1185572230.1414561;941839778.5884273;787859939.7566922;680932435.2468286;601930832.9870654;540944902.1676501;492301336.07872814;452506708.3832907
5.2987973699291615;2922100314.374259;1678305912.1290207;1213383590.0920832;963933620.2222002;806341695.5014638;696905866.9595882;616051031.3486482;553634481.9377897;503849826.599821;463121689.59402674
5.398774242427796;2972966318.3072934;1707520759.6505883;1234505375.0500817;980713143.8669631;820377962.3787434;709037146.7775139;626774843.2689267;563271787.5419765;512620513.6071803;471183407.93014234
5.49875111492643;3001346192.455761;1723820717.025271;1246289937.4797885;990075010.9783704;828209273.2089772;715805600.5161942;632758022.782885;568648768.2172631;517513978.28335553;475681314.86422175
5.598727987425064;3032884252.6946964;1741934575.9834096;1259385916.618159;1000478690.9723029;836912072.6443039;723327265.3628563;639407026.0499414;574624113.2647306;522952000.4157641;480679760.5618332
5.698704859923698;3068138056.9610567;1762182569.4674902;1274024834.8560774;1012108109.3758751;846640216.529431;731735116.0122745;646839400.075711;581303460.1596116;529030718.2062561;486267112.0008455
5.798681732422332;3108055017.366445;1785108842.8445683;1290600099.0535393;1025275795.6331074;857655139.3827697;741255105.370906;655254882.769813;588866309.9310112;535913491.35394967;492593523.881868
5.898658604920966;3148227428.6819344;1808181834.2417328;1307281437.6184273;1038527749.2645013;868740552.875643;750836018.4552201;663724220.8349448;596477558.5994524;542840311.2087756;498960422.00373274
5.9986354774196;3190914513.5475807;1832699126.3241286;1325006978.3981354;1052609235.806515;880519880.3057332;761016668.2227663;672723714.2908638;604565248.8128139;550200729.399012;505725869.02469355
6.098612349918234;3235143762.6893325;1858102159.1900792;1343372893.09542;1067199446.8390396;892724761.6947432;771565116.2231591;682048334.1252774;612945124.5188752;557827058.7899249;512735732.61193573
6.198589222416868;3280286174.034642;1884029666.0165548;1362117992.5959823;1082090889.0594149;905181626.4793411;782331348.7034363;691565471.1414267;621498012.1099126;565610842.2612674;519890322.65518236
6.298566094915502;3325976413.514354;1910271817.4814363;1381090574.2487633;1097163047.1690612;917789662.2092283;793228235.3707292;701198103.8801397;630154693.723319;573489086.251014;527131737.6065104
6.398542967414136;3373683877.4532914;1937672560.155302;1400900795.541863;1112900641.186645;930954342.8231591;804606219.676492;711256017.4356885;639193567.9031239;581715154.7794997;534692861.0891531
6.49851983991277;3422670931.817628;1965808234.537546;1421242358.629304;1129060342.6264553;944472121.2099773;816289379.704794;721583700.3066112;648474879.1336969;590161859.6122153;542456785.9872302
6.5984967124114045;3471436225.489657;1993816540.84854;1441491836.9981925;1145146890.3193002;957928705.63581;827919650.9507407;731864630.5378176;657714174.5698736;598570326.8506196;550185564.1841437
6.6984735849100385;3521852647.068711;2022773171.1148858;1462426935.7401013;1161778107.095901;971840912.0912777;839943707.6940039;742493659.3763893;667266300.2463189;607263493.5928522;558176028.5190346
6.798450457408673;3573690390.456226;2052546136.3928928;1483952229.3326588;1178878185.2150168;986145326.5182757;852306742.3643064;753422338.0119522;677087716.0491897;616201734.9970386;566391757.179778
6.898427329907307;3624858808.611229;2081934675.2741053;1505199589.874948;1195757468.3493292;1000265043.3699734;864510146.4157838;764209906.3311527;686782318.4341487;625024566.4679374;574501404.9400643
6.998404202405941;3676893169.2910237;2111820567.5322156;1526806527.5489292;1212922405.9865737;1014623713.5389911;876920073.2970983;775180036.7557206;696640986.2479166;633996710.0582107;582748295.3416116
7.098381074904575;3730871664.848158;2142823072.0580678;1549220754.8787398;1230728668.961401;1029518859.8192444;889793666.3282373;786560038.905216;706867998.7418257;643304075.5489866;591303310.3563923
7.198357947403209;3784266768.596698;2173490505.978492;1571392732.466582;1248342484.4095836;1044253021.5029712;902528123.4193306;797817047.6298774;716984479.1570989;652510848.3735313;599765864.0005726
7.298334819901843;3838386868.5022254;2204574340.845372;1593865760.1023824;1266195459.398872;1059187242.927157;915435488.357852;809226903.478937;727238320.6581026;661842630.3177823;608343321.7921336
7.398311692400477;3893927483.600001;2236474047.444538;1616928647.6465745;1284517029.646545;1074513449.7403893;928681638.8495978;820936239.070327;737761299.4603326;671419347.8413386;617145916.0694878
7.498288564899111;3949337455.6714697;2268298719.3289967;1639937286.5041249;1302795503.7675483;1089803606.1419399;941896631.652796;832618031.8800112;748259526.0376573;680973538.9424341;625927804.8225429
7.598265437397745;4005271697.298821;2300424505.0016656;1663163624.9638257;1321246922.3451364;1105238432.5948534;955236660.0434254;844410353.6811188;758857083.1213778;690618128.420179;634792784.7006017
7.698242309896379;4062524000.051295;2333307317.997457;1686937279.9315023;1340133138.9431076;1121036972.653767;968891039.2202405;856480555.3727785;769704366.0904795;700489987.600503;643866663.1891205
7.798219182395013;4119806519.4505453;2366207485.899452;1710723482.1697512;1359029323.3171825;1136843850.8734384;982552624.9115993;868557127.4810507;780557374.0435911;710367056.9552201;652945330.6934078
7.898196054893647;4177431015.651499;2399304067.8962326;1734651688.10218;1378038317.9650455;1152745096.2004826;996295770.3079004;880705796.7587358;791475174.4846648;720303092.4417237;662078197.8681958
7.9981729273922815;4236307951.326024;2433119987.474538;1759099961.5686822;1397460463.561202;1168991947.1057057;1010337616.0646478;893118511.2595085;802630267.8330739;730455082.6675262;671409563.3225518
8.09814979989183;4295382301.288107;2467049291.786534;1783630210.0638394;1416947731.585887;1185293273.6805484;1024426544.1116769;905572845.5756073;813822764.1947463;740641112.5031492;680772216.8329479
8.198126672391396;4354470731.356841;2500986682.9961677;1808166305.2337978;1436439644.3135922;1201598485.6035466;1038518830.1915702;918030148.326488;825017928.2377735;750829570.1333402;690137101.8898609
8.298103544890962;4414608002.2965765;2535526475.0974016;1833137924.911687;1456277545.4979107;1218193120.8985195;1052861259.4143727;930708572.6785427;836411810.4662852;761198876.5483615;699668217.0224183
8.398080417390528;4475428536.761467;2570458699.042345;1858393265.4273245;1476340839.588882;1234976299.9839573;1067366643.4669659;943531045.8838522;847935146.9253464;771685996.2386416;709307622.1259466
8.498057289890093;4536164436.681408;2605342313.2059913;1883613461.9858809;1496376214.691945;1251736124.5109692;1081851842.6167183;956335676.0334455;859442448.1366658;782158522.6240346;718933613.5580578
8.59803416238966;4597643720.248041;2640652889.1556826;1909142343.8806581;1516656814.945654;1268701082.7314234;1096514334.9354472;969297029.8451144;871090594.2115564;792759228.6340744;728677423.35827
8.698011034889225;4660008032.037074;2676471780.336979;1935038728.1218052;1537229365.6345406;1285910260.889815;1111387901.9245389;982444969.4993362;882906421.7787645;803512537.658531;738561500.6789684
8.79798790738879;4702938062.825939;2701128608.210548;1952865150.6525743;1551390994.4434395;1297756628.259176;1121626493.0428236;991495681.9657075;891040141.6371976;810914846.3549467;745365452.0339079
8.897964779888357;4605683569.435015;2645270569.9234385;1912480840.1746714;1519308976.0965588;1270919646.4108126;1098431797.5359974;970992028.9384528;872613860.7871716;794145518.0091566;729951653.582754
8.997941652387922;4533595181.805785;2603866663.781398;1882546595.2224426;1495528676.658657;1251027149.0790224;1081239088.5686421;955794013.5490533;858955665.364347;781715512.9788152;718526414.1018527
9.097918524887488;4474339770.180952;2569833366.852328;1857941162.0221922;1475981680.5598779;1234675859.2748365;1067106978.2480851;943301506.9554532;847728864.2324457;771498263.1720843;709135064.2517775
9.197895397387054;4425414907.323854;2541733412.1111393;1837625423.5630145;1459842494.6665254;1221175242.3814673;1055438650.5737855;932986935.5927114;838459336.089106;763062281.8521734;701380996.0433525
9.29787226988662;4384031634.328908;2517964963.3042703;1820441282.3788955;1446191105.6438954;1209755696.533574;1045568953.2186615;924262317.9320096;830618672.0322435;755926676.4042438;694822189.2781999
9.397849142386185;4347705579.020087;2497101123.315913;1805357118.7081094;1434207976.307115;1199731669.3348842;1036905376.221093;916603886.8618195;823736171.5538019;749663073.2766032;689064897.501414
9.497826014885751;4316725043.872388;2479307478.435359;1792492648.321659;1423988211.005272;1191182716.680639;1029516678.2356833;910072423.675706;817866457.7584642;744321183.6825496;684154813.5759727
9.597802887385317;4289907498.3934946;2463904843.2470303;1781356832.945801;1415141720.1535482;1183782524.091681;1023120831.8337804;904418621.6931946;812785483.0140245;739697107.0986952;679904519.0491762
9.697779759884883;4266594336.796836;2450514948.0590982;1771676190.7120473;1407451244.8655596;1177349351.9802032;1017560762.9291732;899503630.5222939;808368464.857799;735677281.9167212;676209631.9382412
9.797756632384448;4246391118.1315317;2438911246.0358562;1763286932.521659;1400786668.1525738;1171774355.9703016;1012742399.3877021;895244292.2531431;804540670.7043225;732193695.753993;673007637.5653998
9.897733504884014;4229385215.6387362;2429143919.9264865;1756225339.5578666;1395176812.4353034;1167081646.3524516;1008686579.2771183;891659027.3263471;801318654.68722;729261414.141335;670312383.6561509
9.99771037738358;4214059812.5958624;2420341787.2939935;1749861563.313671;1390121314.7975888;1162852663.7220392;1005031549.6254803;888428053.2547337;798415033.7771554;726618896.487939;667883470.960712
10.097687249883146;4201533810.0659347;2413147488.043583;1744660220.3465972;1385989274.940445;1159396164.2760243;1002044162.570455;885787262.0610598;796041800.0838087;724459071.8673962;665898233.3468702
10.197664122382712;4190922625.2776923;2407052962.788175;1740253993.2810397;1382488889.3727593;1156468050.9969084;999513449.6794747;883550161.8148879;794031356.5120829;722629414.0732139;664216473.8933887
10.297640994882277;4181891235.4830685;2401865791.4879575;1736503766.0494037;1379509641.8029385;1153975875.7201352;997359509.7535541;881646121.4333417;792320228.1207901;721072156.0422045;662785095.072992
10.397617867381843;4174455730.4930134;2397595215.3126388;1733416219.843477;1377056839.8891888;1151924078.3635921;995586180.1296885;880078533.0465938;790911463.3590642;719790072.0967973;661606646.9488642
10.497594739881409;4168703578.2380695;2394291471.39617;1731027675.165691;1375159337.288099;1150336795.3469121;994214321.458582;878865837.0581292;789821634.3008277;718798244.0948745;660694992.2537813
10.597571612380975;4164612238.4106045;2391941613.731411;1729328772.2965224;1373809698.4711068;1149207806.7639046;993238557.9930245;878003281.4135191;789046470.3563664;718092785.4723654;660046558.5897262
10.69754848488054;4161147996.5218916;2389951929.2519474;1727890267.862144;1372666924.8268533;1148251863.3062317;992412354.1543168;877272933.5271347;788390119.2537179;717495455.6454736;659497513.2510731
10.797525357380106;4159442727.2978854;2388972509.2757387;1727182165.6512396;1372104395.7690928;1147781301.2004056;992005656.2319033;876913420.5908402;788067031.1520755;717201420.701294;659227246.2926327
10.897502229879672;4159154893.173699;2388807191.983239;1727062644.3599062;1372009445.9181182;1147701874.5446575;991937009.2765319;876852738.0371994;788012496.7832686;717151790.2444466;659181627.6582314
10.997479102379238;4159136236.993136;2388796476.8213058;1727054897.4994771;1372003291.6736705;1147696726.447528;991932559.8736097;876848804.8528365;788008962.0980335;717148573.409866;659178670.8528775
11.097455974878804;4160617481.0860777;2389647228.1477346;1727669974.6980252;1372491919.9982643;1148105469.7297003;992285828.956701;877161087.7497054;788289605.3743647;717403980.3087018;659413432.2208022
11.19743284737837;4162949775.1422534;2390986779.320589;1728638444.986724;1373261290.112607;1148749056.7874155;992842069.0704405;877652793.0315748;788731492.4667339;717806131.4429405;659783075.9180485
11.297409719877935;4165994999.572129;2392735801.4671855;1729902955.0835116;1374265839.54394;1149589374.08175;993568339.4044694;878294801.6722382;789308454.6063688;718331211.2266147;660265711.46489
11.3973865923775;4169651070.3638687;2394835662.719299;1731421115.2510812;1375471893.1269472;1150598251.9449046;994440293.4480196;879065591.8367136;790001150.4897928;718961617.5906235;660845159.6357912
11.497363464877067;4174929119.525466;2397867105.914069;1733612791.631546;1377213000.032493;1152054708.1414862;995699080.9744865;880178335.1650362;791001153.808925;719871697.2828834;661681674.0543613
11.597340337376632;4179975105.893206;2400765264.0340443;1735708105.4112794;1378877554.7649698;1153447127.554075;996902522.7204763;881242153.9157933;791957189.4504243;720741763.0174159;662481408.9987079
11.697317209876198;4185953073.5995855;2404198704.8693075;1738190418.5205574;1380849548.6846867;1155096723.4260137;998328237.2130848;882502457.3874984;793089802.5362487;721772527.764765;663428853.0309657
11.797294082375764;4192726438.7535577;2408088981.5743995;1741003015.3664312;1383083925.910502;1156965805.9881878;999943649.8981457;883930450.3172004;794373115.2581145;722940440.7352892;664502359.0632217
11.89727095487533;4200106483.3842525;2412327704.1379395;1744067532.0104916;1385518432.7285104;1159002299.2841675;1001703752.5121014;885486346.2882494;795771372.2466552;724212961.80145;665672017.3127487
11.997247827374895;4207940549.1750727;2416827193.381365;1747320578.0566926;1388102710.6746354;1161164077.8724499;1003572136.8330966;887137961.1511426;797255650.1594384;725563768.5040327;666913633.0668647
12.097224699874461;4216573818.4068108;2421785704.4637427;1750905488.2540307;1390950627.4364147;1163546393.3993268;1005631127.0563431;888958067.8695809;798891348.8091521;727052379.6868898;668281914.030273
12.197201572374027;4225755629.7300344;2427059270.245169;1754718177.0697215;1393979495.6054695;1166080076.8850482;1007820941.7416912;890893820.8303802;800630976.7507998;728635574.4938301;669737133.056335
12.297178444873593;4234928502.6514497;2432327702.2628913;1758527154.270849;1397005415.201553;1168611293.855155;1010008624.6642681;892827689.354974;802368911.1819886;730217228.0764078;671190935.4411837
12.397155317373159;4245211798.8888707;2438233904.998829;1762797227.69891;1400397637.8850756;1171448927.6224217;1012461137.8255349;894995662.5835359;804317231.4901603;731990348.937663;672820728.0614574
12.497132189872724;4255572643.2851315;2444184647.456011;1767099502.5072246;1403815441.9208627;1174307960.4886835;1014932145.8230654;897179984.8823162;806280244.4269667;733776841.217481;674462811.2366393
12.59710906237229;4266610647.3395357;2450524316.005888;1771682963.5612822;1407456625.3380885;1177353852.8081136;1017564652.9095544;899507069.1881764;808371555.1277734;735680094.2993366;676212216.9850541
12.697085934871856;4277833963.2084365;2456970418.2439775;1776343374.1689403;1411158938.8566253;1180450881.1689727;1020241355.9088751;901873221.8086698;810497975.8519822;737615300.1944232;677990992.6767993
12.797062807371422;4289697940.953309;2463784484.103608;1781269815.550165;1415072591.9785197;1183724697.5684705;1023070853.4641745;904374441.8008931;812745779.303554;739660973.6780204;679871306.4331318
12.897039679870987;4301613978.682477;2470628450.572408;1786217874.5091195;1419003418.490695;1187012879.70888;1025912767.0574616;906886637.32565;815003446.2777154;741715623.7234238;681759871.14094
12.997016552370553;4314245641.248362;2477883435.5775585;1791463092.134812;1423170313.1611712;1190498535.6120205;1028925353.4865791;909549704.2686545;817396698.8044233;743893667.0172077;683761854.7419554
13.096993424870119;4327205456.271118;2485326894.6764083;1796844572.9833336;1427445457.7723365;1194074743.8508153;1032016202.585656;912281953.8672042;819852124.5955367;746128292.7485254;685815847.0024679
13.196970297369685;4340593290.305546;2493016186.142574;1802403786.007043;1431861796.0014853;1197769062.1948197;1035209132.0133617;915104440.4614724;822388644.8250014;748436720.6363755;687937675.7047663
13.29694716986925;4354132462.9658165;2500792398.824013;1808025841.4336088;1436328057.359115;1201505141.817018;1038438154.9234585;917958832.981791;824953838.3622478;750771243.4327409;690083489.9628434
13.396924042368816;4368121373.454234;2508826918.057128;1813834647.6359136;1440942676.8722565;1205365324.763499;1041774437.9880028;920908041.3616127;827604241.2840908;753183313.3022255;692300582.8631507
13.496900914868382;4382223933.119931;2516926711.6017537;1819690645.9370272;1445594786.6325097;1209256868.7381592;1045137825.7956837;923881209.7993885;830276176.6985261;755614979.3909026;694535687.9441937
13.596877787367948;4396960674.56402;2525390746.9291687;1825809984.1923711;1450456098.3611343;1213323412.5948973;1048652462.6894675;926988079.4440393;833068267.0914268;758155995.7224524;696871304.0635738
13.696854659867514;4411912763.945975;2533978467.167599;1832018744.3107119;1455388448.4166555;1217449380.8391256;1052218458.9567221;930140349.7611321;835901158.2889564;760734143.9144742;699241050.5310262
13.79683153236708;4426727892.969258;2542487524.336638;1838170632.5102673;1460275618.402994;1221537555.429476;1055751790.8842019;933263745.4465771;838708100.3508973;763288676.4035565;701589090.2444714
13.896808404866645;4442582091.930506;2551593370.4699173;1844753987.8998845;1465505553.6400707;1225912457.1425812;1059532935.6374062;936606202.7788028;841711909.3526868;766022372.9019966;704101811.4450299
13.996785277366211;4458046469.587872;2560475323.0579433;1851175472.4697707;1470606895.8035855;1230179789.2525616;1063221110.0184464;939866476.1370105;844641861.0284371;768688853.5709887;706552750.132508
14.096762149865777;4474124247.997097;2569709581.8633027;1857851667.8046634;1475910584.7532492;1234616386.804894;1067055577.317857;943256069.5476463;847688030.4143844;771461101.2668563;709100906.2875828
14.196739022365342;4490269362.205927;2578982514.9297733;1864555823.9025238;1481236486.2329712;1239071565.3972147;1070906103.8584852;946659859.0105424;850746957.548702;774244959.491893;711659734.4476885
14.296715894864908;4506860202.073127;2588511450.161499;1871445064.7481182;1486709422.3457582;1243649740.1718764;1074862933.67174;950157618.4683044;853890333.9035792;777105672.9824955;714289205.3639628
14.396692767364474;4523724282.153867;2598197320.6851497;1878447766.856354;1492272494.114362;1248303314.4720044;1078884929.8678763;953712983.722324;857085479.5982479;780013500.5415462;716961981.9356722
14.49666963986404;4540565499.884176;2607870060.236623;1885440975.518841;1497828024.1199152;1252950579.9995356;1082901473.5112524;957263529.0273154;860276293.6875025;782917386.0075583;719631135.0690231
14.596646512363606;4557664943.770554;2617691111.768452;1892541410.952002;1503468736.9893808;1257669101.9844377;1086979602.7621596;960868514.7938477;863516032.4845846;785865796.7088348;722341214.2900642
14.696623384863171;4575312071.225745;2627826724.9075475;1899869268.5074158;1509290118.0592685;1262538755.022337;1091188351.7219505;964588965.8049328;866859537.913982;788908643.0014638;725138095.507083
14.796600257362737;4593034441.761064;2638005553.8478165;1907228370.2738068;1515136320.089013;1267429171.082134;1095415045.7685983;968325279.9186231;870217299.2412539;791964463.2541876;727946901.9486519
14.896577129862303;4610836247.0866375;2648230006.0945654;1914620456.8321753;1521008725.827312;1272341506.8491864;1099660684.6033933;972078340.8511186;873590110.6469839;795033980.2322111;730768297.9560564
14.996554002361869;4629144178.624699;2658745151.5151453;1922222709.0846205;1527048090.9508944;1277393506.0858052;1104027031.9317253;975938105.7094318;877058815.0383326;798190767.1794217;733669909.5623285
15.096530874861434;4647230086.044668;2669132777.5661335;1929732767.2326548;1533014215.42944;1282384238.6701617;1108340427.6520097;979751062.3913567;880485453.7254337;801309271.1105268;736536332.7172744
15.196507747361;4666057259.615967;2679946149.221427;1937550631.4403992;1539224866.5456402;1287579520.6337166;1112830611.529532;983720296.3149544;884052536.0857551;804555589.552296;739520238.6399089
15.296484619860566;4684647843.705595;2690623635.9025154;1945270253.369065;1545357472.2386818;1292709516.6921892;1117264370.0348537;987639651.3232176;887574793.1214744;807761113.5118515;742466647.656664
15.396461492360132;4703502869.457749;2701453004.434972;1953099683.0179582;1551577311.1481273;1297912484.3517566;1121761196.5139794;991614757.1755269;891147152.4832863;811012234.4295754;745454967.8524903
15.496438364859698;4722863184.5804205;2712572585.5017924;1961138930.867637;1557963833.3879797;1303254884.557753;1126378531.904145;995696390.5266832;894815246.2788225;814350481.0221031;748523371.0166715
15.596415237359263;4742113762.551768;2723629139.125996;1969132611.062428;1564314155.8680153;1308567003.243219;1130969695.5492144;999754888.5717235;898462548.7720822;817669805.9354527;751574382.0144445
15.696392109858829;4761748572.526637;2734906376.085417;1977285841.1554823;1570791227.6401086;1313985149.1871233;1135652496.5471148;1003894392.2279984;902182649.6169814;821055382.930361;754686289.68089
15.796368982358395;4781377064.796989;2746179984.476445;1985436447.8618834;1577266215.346935;1319401551.7861617;1140333790.8050525;1008032563.9558797;905901553.4807074;824439870.58063;757797196.0586461
15.89634585485796;4801314629.193287;2757631108.188773;1993715394.804902;1583843158.832543;1324903241.5811281;1145088797.1723258;1012235895.7335358;909679015.5621258;827877650.6987416;760957087.0672413
15.996322727357526;4821539868.178707;2769247457.564753;2002113796.7933137;1590514999.5421727;1330484314.0087888;1149912412.4466755;1016499876.4308916;913510981.7861024;831365033.7655089;764162571.4256289
16.096299599855296;4841730215.652694;2780843767.0298433;2010497710.3032913;1597175330.3454678;1336055758.2658057;1154727706.2753477;1020756501.1345212;917336337.3048426;834846400.5836558;767362525.8521242
16.196276472353;4862297500.425186;2792656570.1223073;2019038144.6316178;1603960004.085574;1341731216.8370733;1159632897.7073007;1025092593.5451065;921233109.0870721;838392761.6771688;770622220.8144594
16.2962533448507;4882948895.728647;2804517682.0290656;2027613505.3235474;1610772423.953445;1347429885.3672314;1164558149.067465;1029446418.536309;925145816.8349504;841953625.7212709;773895246.3975868
16.396230217348403;4903815614.526434;2816502464.807625;2036278277.7284071;1617655874.0848067;1353187971.5397487;1169534753.971412;1033845639.0466236;929099320.7562557;845551617.4110913;777202398.4547427
16.496207089846106;4924726102.085426;2828512386.1382504;2044961224.8333113;1624553762.5228684;1358958135.5239055;1174521797.4993742;1038254087.0945455;933061117.3071328;849157156.0296346;780516487.3930727
16.596183962343808;4946183595.410972;2840836479.7809563;2053871312.607389;1631632095.5699713;1364879243.5242777;1179639299.083856;1042777857.489536;937126552.070798;852857013.3679223;783917270.9029685
16.69616083484151;4967254093.643867;2852938303.1105003;2062620703.1280043;1638582767.8455312;1370693561.8030229;1184664504.3329847;1047220039.7457613;941118664.9753231;856490142.1926891;787256719.8240774
16.796137707339213;4988984895.814721;2865419371.4637184;2071644280.6636417;1645751259.1885126;1376690088.2675152;1189847188.6686642;1051801430.4062783;945235882.0820688;860237125.4334066;790700819.8668112
16.896114579836915;5010622314.344332;2877846804.999396;2080629081.2355483;1652888945.4181385;1382660845.8960626;1195007601.4871383;1056363133.4851668;949335406.2972997;863968006.7863104;794130119.5998107
16.996091452334618;5032523740.548405;2890425871.125744;2089723509.3169265;1660113721.7015033;1388704455.368474;1200230978.7754886;1060980495.9126793;953484950.6132582;867744410.2660009;797601261.7294117
17.09606832483232;5054524945.9534855;2903062245.3541193;2098859370.077565;1667371412.8461432;1394775598.5055335;1205478152.8891096;1065618894.2640423;957653399.5527173;871538018.4025205;801088217.7966552
17.196045197330022;5076807065.7274065;2915859962.5192;2108111878.7450964;1674721771.1737535;1400924258.8199928;1210792323.6321037;1070316516.3134419;961875071.8125095;875380063.8412538;804619695.7909824
17.296022069827725;5099093939.851255;2928660410.341257;2117366361.6262488;1682073697.8519666;1407074231.0779824;1216107628.263062;1075015140.697421;966097644.8531749;879222929.0596488;808151927.2990018
17.395998942325427;5121685333.021571;2941635758.427159;2126747294.1066618;1689526078.352866;1413308234.1281483;1221495559.1173615;1079777965.2293844;970377913.4642694;883118301.6707491;811732421.8233817
17.49597581482313;5144364194.418119;2954661343.816876;2136164547.2123;1697007312.6078777;1419566373.679539;1226904350.6928837;1084559230.2271812;974674754.2053047;887028756.1907159;815326779.127397
17.595952687320832;5167379130.7872925;2967879953.590697;2145721353.3150945;1704599410.2591524;1425917251.752588;1232393294.4175296;1089411348.1428125;979035269.2468092;890997159.2060959;818974400.7250403
17.695929559818534;5190341137.737217;2981068163.39608;2155256180.8128242;1712174047.7135665;1432253524.1676795;1237869614.74844;1094252307.227528;983385756.0385903;894956435.7453681;822613633.5750533
17.795906432316237;5213551690.4975605;2994399125.283282;2164894215.379194;1719830674.7087235;1438658381.788147;1243405211.9743366;1099145665.9174573;987783333.4556789;898958568.3641688;826292258.2813722
17.89588330481394;5236860774.988958;3007786678.789162;2174573164.6208777;1727519805.0535514;1445090428.8390093;1248964308.510351;1104059797.5337093;992199579.1449051;902977690.5419526;829986499.2146636
17.99586017731164;5260455144.2024765;3021338085.3405385;2184370576.5308704;1735303044.2602785;1451601199.0484784;1254591443.9824705;1109034074.2265706;996669876.1815675;907046003.5900987;833725954.7293552
18.095837049809344;5284239642.170597;3034998692.185737;2194246938.1982493;1743149002.5659559;1458164434.5143957;1260263924.1828074;1114048434.7641923;1001176195.881118;911147100.0233914;837495543.6209326
18.195813922307046;5308079705.395825;3048691212.8906875;2204146372.9856086;1751013290.5707147;1464743002.9869895;1265949656.4106293;1119074509.8325553;1005693043.2282705;915257777.4231664;841273939.0122858
18.29579079480475;5332104327.829612;3062489735.025226;2214122444.8117113;1758938460.409389;1471372499.8224428;1271679405.058621;1124139494.5475833;1010244858.0066434;919400277.8663666;845081585.0669581
18.39576766730245;5356302625.882243;3076388007.6086264;2224170634.3351192;1766920921.836306;1478049921.7384653;1277450574.44673;1129241094.3793492;1014829578.1616123;923572724.7251784;848916756.8522378
18.495744539800153;5380645962.372247;3090369582.8992076;2234279050.1481323;1774951228.104586;1484767366.4213004;1283256334.7547517;1134373271.9015713;1019441777.9618617;927770180.1680996;852774915.6807089
18.595721412297856;5405224133.613861;3104486035.3362517;2244484979.5997586;1783059000.9510138;1491549612.7986045;1289118101.9408975;1139554958.3986442;1024098470.627543;932008127.5299022;856670293.3091106
18.695698284795558;5429933048.176836;3118677580.092393;2254745199.384895;1791209903.0091283;1498367937.263621;1295011050.735446;1144764208.8220959;1028779934.5204931;936268618.6077766;860586392.3575089
18.79567515729326;5454745713.593831;3132928714.066173;2265048501.052991;1799395030.085403;1505214891.354761;1300928743.574032;1149995332.4920988;1033481055.5244715;940546999.1638184;864518934.8081305
18.895652029790963;5479797584.53967;3147317235.5387235;2275451131.2971463;1807659065.5585685;1512127853.2385843;1306903485.6985881;1155276886.6048977;1038227497.5013045;944866625.2799945;868489388.7801739
18.995628902288665;5505002493.089756;3161793654.033362;2285917309.43415;1815973584.6141055;1519083045.2267702;1312914726.503123;1160590704.8304172;1043002934.6821465;949212639.2549258;872484097.5779351
19.095605774786367;5530380695.913769;3176369603.9517355;2296455446.917395;1824345269.46098;1526086057.064948;1318967297.0989933;1165941057.775735;1047811204.9882219;953588533.891194;876506271.6672058
19.19558264728407;5555903996.587043;3191028890.7004986;2307053835.360666;1832764818.7478414;1533129108.0644076;1325054472.7841961;1171322000.937013;1052646966.1960392;957989447.3558055;880551442.2158321
19.295559519781772;5581612355.486758;3205794465.4893966;2317729068.0567045;1841245414.4831276;1540223225.1286936;1331185783.9027731;1176741958.950275;1057517789.3812989;962422269.9081557;884625942.5167831
19.395536392279475;5607480983.3878975;3220652090.647402;2328470851.4372964;1849778879.2722158;1547361567.7719893;1337355318.3522875;1182195705.6336632;1062418977.8641262;966882727.209447;888725843.7426579
19.495513264777177;5633527623.198963;3235611956.7994895;2339286553.1325293;1858371066.0921695;1554549032.0777497;1343567307.7250159;1187686981.6312244;1067353893.2970746;971373878.6212479;892853957.954967
19.59549013727488;5659736529.312932;3250665020.469202;2350169634.879087;1867016780.8296816;1561781273.1097202;1349817996.7747962;1193212467.3794744;1072319552.4454551;975893009.1712595;897007789.6431558
19.69546700977258;5686103850.870111;3265809069.9183965;2361118497.6319437;1875714753.1748276;1569057228.238866;1356106467.0914454;1198771351.021934;1077315225.707797;980439454.8662053;901186728.4870939
19.795443882270284;5712632094.20747;3281045544.659696;2372134182.1316113;1884465809.9104714;1576377589.0786698;1362433316.4234202;1204364160.9564383;1082341387.9461586;985013647.8669671;905391171.7144316
19.895420754767986;5739292729.059646;3296358058.3586326;2383204841.3666663;1893260539.5588994;1583734482.8184626;1368791740.4494214;1209984882.2972836;1087392633.6860476;989610668.7773111;909616597.582822
19.99539762726569;5766147690.985636;3311782183.6525755;2394356193.68445;1902119373.2350955;1591145000.3237896;1375196510.4811456;1215646572.5924227;1092480697.5215776;994241196.9775925;913872822.2168487
20.09537449976339;5793215938.962428;3327328809.614379;2405596111.6797523;1911048565.0691373;1598614373.247268;1381652148.1369002;1221353228.86322;1097609171.5071812;998908501.5127493;918162850.4118773
20.195351372261094;5820497556.744609;3342997984.348406;2416924630.131085;1920048142.6897068;1606142624.700609;1388158673.3916988;1227104868.7671947;1102778071.511388;1003612596.8243644;922486695.4421095
20.295328244758796;5847992946.395303;3358789938.77927;2428341915.992653;1929118238.7281833;1613729865.6315088;1394716182.1355512;1232901577.0692048;1107987473.7109108;1008353552.2390865;926844421.0302495
20.3953051172565;5875702634.643337;3374704975.4332743;2439848187.9852047;1938259026.940255;1621376241.3886368;1401324799.990547;1238743464.8167226;1113237477.9022102;1013131458.5793413;931236110.6572033
20.4952819897542;5903627199.96403;3390743426.5572133;2451443686.3169675;1947470698.1516452;1629081911.599917;1407984664.9200861;1244630653.9666464;1118528193.685859;1017946415.5900582;935661856.0051285
20.595258862251903;5931767235.515568;3406905632.831046;2463128657.2931314;1956753448.0315623;1636847039.9449284;1414695918.3893316;1250563269.5714047;1123859733.444315;1022798525.5478855;940121751.0832523
20.695235734749605;5960123326.616189;3423191930.4317327;2474903343.9633102;1966107469.6630304;1644671787.9398496;1421458699.9936507;1256541435.0305436;1129232208.0746524;1027687889.3776668;944615888.6582673
20.795212607247308;5988696035.115945;3439602642.057464;2486767979.6322303;1975532948.387442;1652556310.6249294;1428273143.7314222;1262565268.795977;1134645724.027548;1032614603.9576843;949144357.7774115
20.89518947974501;6017485887.340746;3456138070.0030913;2498722782.8533683;1985030057.8275902;1660500753.2376637;1435139375.128641;1268634881.830212;1140100381.0231144;1037578760.040877;953707241.8577179
20.995166352242713;6046493364.011675;3472798490.370372;2510767953.2430854;1994598956.5623112;1668505248.4310658;1442057508.8348072;1274750375.481146;1145596270.1409633;1042580440.5166835;958304617.0883408
21.095143224740415;6075718891.372686;3489584147.972107;2522903667.796489;2004239785.1996467;1676569913.8254273;1449027646.5069084;1280911839.6115537;1151133472.139224;1047619718.8811824;962936551.0243996
21.195120097238117;6105162833.21206;3506495251.7498536;2535130077.5743246;2013952663.7449877;1684694849.806652;1456049874.9065714;1287119350.916988;1156712055.9428866;1052696657.8614131;967603101.3224403
21.29509696973582;6134825483.715109;3523531970.668727;2547447304.735226;2023737689.2433155;1692880137.5539844;1463124264.195494;1293372971.4190161;1162332077.2896512;1057811308.1829419;972304314.6077005
21.395073842233522;6164707061.20912;3540694430.124753;2559855439.938152;2033594933.715727;1701125837.313908;1470250866.4435804;1299672747.1464024;1167993577.5447872;1062963707.491345;977040225.4827243
21.495050714731224;6194807702.900362;3557982708.922317;2572354540.1571774;2043524442.4234827;1709431986.9480083;1477429714.373848;1306018707.0256531;1173696582.7040405;1068153879.4447464;981810855.6932496
21.595027587228927;6225127460.692076;3575396836.8719177;2584944626.944763;2053526232.4881873;1717798600.778715;1484660820.3649335;1312410861.9992323;1179441102.601221;1073381832.9926599;986616213.4653598
21.69500445972663;6255666298.130977;3592936793.0367303;2597625685.1639466;2063600291.8848195;1726225668.746927;1491944175.7229388;1318849204.3818963;1185227130.3297377;1078647561.8495636;991456293.0216218
21.79498133222433;6286424088.487479;3610602504.6296525;2610397662.1910496;2073746578.8081217;1734713155.8820975;1499279750.2234766;1325333707.455905;1191054641.8788157;1083951044.1637948;996331074.2767358
21.894958204722034;6317400613.926969;3628393846.537598;2623260467.57164;2083965021.3995423;1743261002.073673;1506667491.9141412;1331864325.296341;1196923595.9765086;1089292242.3747494;1001240522.7062492
21.994935077219736;6348595565.698351;3646310641.42959;2636213973.098786;2094255517.809181;1751869122.1230357;1514107327.1593757;1338440992.8108337;1202833934.1254346;1094671103.245299;1006184589.3764147
22.09491194971744;6380008545.238841;3664352660.3914285;2649258013.271795;2104617936.5603266;1760537406.0484002;1521599160.904016;1345063625.9724793;1208785580.8120468;1100087558.0523393;1011163211.1192716
22.19488882221514;6411639066.081119;3682519624.021063;2662392386.088259;2115052117.1786516;1769265719.6111207;1529142877.128111;1351732122.2219563;1214778443.8680522;1105541522.9156442;1016176310.8349695
22.294865694712843;6443486556.442717;3700811203.9156213;2675616854.11911;2125557871.0462422;1778053905.0301218;1536738339.4644845;1358446361.013353;1220812414.960909;1111032899.2443056;1021223797.9020766
22.394842567210546;6475550362.377379;3719227024.4816628;2688931145.8173146;2136134982.4413085;1786901781.8515959;1544385391.950331;1365206204.478629;1226887370.1909664;1116561574.280147;1026305568.6770982
22.494819439708248;6507829751.37486;3737766665.002531;2702334957.0126805;2146783209.7255805;1795809147.9423301;1552083859.885722;1372011498.186514;1233003170.7735152;1122127421.7184193;1031421507.0649935
22.59479631220595;6540323916.30366;3756429661.9028854;2715827952.548935;2157502286.644958;1804775780.5776625;1559833550.7739513;1378862071.9736953;1239159663.7857018;1127730302.387619;1036571485.1440266
22.694773184703653;6573031979.600675;3775215511.155111;2729409768.0235925;2168291923.711579;1813801437.5976396;1567634255.3207674;1385757740.828197;1245356682.9604218;1133370064.9719331;1041755363.8298293
22.794750057201355;6605952997.625135;3794123670.779854;2743080011.595828;2179151809.6400685;1822885858.608401;1575485748.4726884;1392698305.8071764;1251594049.511176;1139046546.7619388;1046972993.5654117
22.894726929699058;6639085965.102653;3813153563.39866;2756838265.831838;2190081612.8135653;1832028766.208596;1583387790.4769619;1399683554.9739413;1257871572.9741013;1144759574.4209085;1052224215.0255287
22.99470380219676;6672429819.598839;3832304578.8031664;2770684089.562491;2201080982.759403;1841229867.2237642;1591340127.9484434;1406713264.3410244;1264189052.0554974;1150508964.7561402;1057508859.8256719
23.094680674694462;6705983445.969478;3851576076.5112505;2784617019.7312264;2212149551.617205;1850488853.9344027;1599342494.931001;1413787198.808445;1270546275.4750526;1156294525.4863808;1062826751.2273971
23.194657547192165;6739745680.745778;3870967388.2855396;2798636573.2150207;2223286935.5853806;1859805405.2860172;1607394613.943316;1420905113.0882053;1276943022.796666;1162116055.9978385;1068177704.8333218
23.294634419689867;6773715316.419638;3890477820.5947604;2812742248.603836;2234492736.3348193;1869179188.0716586;1615496197.0009434;1428066752.607731;1283379065.2403119;1167973348.0831668;1073561529.2663108
23.39461129218757;6807891105.602233;3910106657.0021167;2826933527.92734;2245766542.380646;1878609858.079486;1623646946.6080532;1435271854.386576;1289854166.4700153;1173866186.658514;1078978026.8285584
23.494588164685272;6842271765.034871;3929853160.46912;2841209878.3205695;2257107930.405403;1888097061.1994398;1631846556.7140694;1442520147.8821;1296368083.3537188;1179794350.4550514;1084426994.1372747
23.594565037182974;6876855979.437268;3949716575.5655837;2855570753.621674;2268516466.5283475;1897640434.4853075;1640094713.631437;1449811355.8006575;1302920566.6924005;1185757612.6825771;1089908222.734571
23.694541909680677;6911642405.181629;3969696130.579936;2870015595.8977785;2279991707.517641;1907239607.1684349;1648391096.911808;1457145194.8722632;1309511361.9161975;1191755741.662978;1095421499.6697903
23.79451878217838;6946629673.786237;3989791039.5259323;2884543836.8955817;2291533201.942664;1916894201.6219053;1656735380.1793945;1464521376.5871491;1316140209.7463078;1197788501.4326973;1100966608.0532193
23.89449565467608;6981816395.224821;4010000504.0430408;2899154899.4154816;2303140491.2657566;1926603834.2735772;1665127231.9200897;1471939607.8933766;1322806846.8220248;1203855652.313259;1106543327.5805218
23.994472527173784;7017201161.049989;4030323715.1907163;2913848198.6086445;2314813110.8725424;1936368116.4681497;1673566316.2264113;1479399591.8553865;1329511006.2924364;1209956951.449908;1112151435.027841
24.094449399671486;7052782547.33239;4050759855.1362715;2928623143.197453;2326550591.0415373;1946186655.2780976;1682052293.4985728;1486901028.273666;1336252418.3733916;1216092153.3183653;1117790704.717571
24.19442627216919;7088559117.417895;4071308098.738593;2943479136.620378;2338352457.853565;1956059054.2645626;1690584821.101965;1494443614.2659605;1343030810.869829;1222261010.2002544;1123460908.9553757
24.29440314466689;7124529424.507149;4091967615.0296984;2958415578.103247;2350218234.042874;1965984914.18915;1699163553.9823954;1502027044.811198;1349845909.6645374;1228463272.627913;1129161818.4390314
24.394380017164593;7160692014.062644;4112737568.5970774;2973431863.6585274;2362147439.79098;1975963833.6781313;1707788145.240159;1509651013.2568705;1356697439.1741822;1234698689.7993479;1134893202.639852
24.494356889662296;7197045426.048591;4133617120.8704658;2988527387.0156865;2374139593.465748;1985995409.840608;1716458246.6642551;1517315211.7913277;1363585122.7737267;1240967009.9645894;1140654830.1577828
24.594333762159998;7233588197.011276;4154605431.3164077;3003701540.4848676;2386194212.3074403;1996079238.8424344;1725173509.2285032;1525019331.8823402;1370508683.1905062;1247267980.784259;1146446469.0510268
24.6943106346577;7270318862.005385;4175701658.544748;3018953715.7567863;2398310813.0643744;2006214916.4379609;1733933583.551011;1532763064.6831636;1377467842.8693166;1253601349.6618223;1152267887.1413977
24.794287507155403;7307235956.374426;4196904961.3312488;3034283304.6421895;2410488912.58006;2016402038.4611497;1742738120.3187263;1540546101.4080174;1384462324.3096461;1259966864.050535;1158118852.2964914
24.894264379653105;7344338017.392032;4218214499.5601864;3049689699.753233;2422728028.3347087;2026640201.278597;1751586770.678967;1548368133.6779513;1391491850.3766513;1266364271.7364576;1163999132.6897914
24.994241252150807;7381623585.771159;4239629435.0913258;3065172295.130266;2435027678.943196;2036929002.2060306;1760479186.5992987;1556228853.839203;1398556144.5871553;1272793321.0986924;1169908497.0399115
25.09421812464851;7419091207.049219;4261148932.555222;3080730486.816888;2447387384.611773;2047268039.890384;1769415021.1978917;1564127955.2550547;1405654931.37202;1279253761.3481934;1175846714.8300457
25.194194997146212;7456739432.85512;4282772160.0810885;3096363673.386233;2459806667.5561213;2057656914.659535;1778393929.0456583;1572065132.5730488;1412787936.316233;1285745342.7462595;1181813556.5088346
25.294171869643915;7494566822.065613;4304498289.961059;3112071256.42104;2472285052.3829246;2068095228.8414032;1787415566.4421978;1580040081.968775;1419954886.3780072;1292267816.8039355;1187808793.6736703
25.394148742141617;7532571941.858282;4326326499.254719;3127852640.950869;2484822066.4369965;2078582587.0544777;1796479591.6666973;1588052501.367804;1427155510.0882552;1298820936.463532;1193832199.2374785
25.49412561463932;7570753368.666204;4348255970.337558;3143707235.848616;2497417240.1164036;2089118596.4712298;1805585665.2058058;1596102090.64702;1434389537.7314682;1305404456.2632742;1199883547.5801122
25.59410248713702;7609109689.041797;4370285891.39717;3159634454.1892104;2510070107.1573386;2099702867.0565825;1814733449.9595416;1604188551.8167045;1441656701.5094335;1312018132.4862213;1205962614.6852233
25.694079359634724;7647639500.435182;4392415456.880112;3175633713.572619;2522780204.890873;2110335011.782574;1823922611.4269996;1612311589.1846569;1448956735.6886082;1318661723.294508;1212069178.2636418
25.794056232132426;7686341411.892688;4414643867.893365;3191704436.414245;2535547074.473436;2121014646.821209;1833152817.8728993;1620470909.5034273;1456289376.7325842;1325334988.8497832;1218203017.8640616
25.89403310463013;7725214044.681436;4436970332.562775;3207846050.204008;2548370261.0927496;2131741391.7167416;1842423740.4765315;1628666222.1020172;1463654363.420305;1332037691.4208493;1224363914.972055
25.99400997712783;7764256032.844137;4459394066.351934;3224057987.736782;2561249314.151007;2142514869.538851;1851735053.464156;1636897239.0028574;1471051436.9512768;1338769595.4794269;1230551653.097984
26.093986849625534;7803466023.690266;4481914292.344156;3240339687.316496;2574183787.4267073;2153334707.0180626;1861086434.226023;1645163675.025294;1478480341.0385509;1345530467.7847404;1236766017.8548374
26.193963722123236;7842842678.226987;4504530241.489937;3256690592.934772;2587173239.216938;2164200534.664725;1870477563.4192555;1653465247.8765266;1485940821.9904213;1352320077.4578924;1243006797.026541
26.29394059462094;7882384671.534581;4527241152.822806;3273110154.427225;2600217232.461231;2175111986.8727026;1879908125.057327;1661801678.2307227;1493432628.7815824;1359138196.046577;1249273780.6275005
26.39391746711864;7922090693.09126;4550046273.645633;3289597827.6079745;2613315334.84857;2186068702.008766;1889377806.5875568;1670172689.7974367;1500955513.114535;1365984597.5810826;1255566760.9539924
26.493894339616343;7961959447.049581;4572944859.689464;3306153074.3845778;2626467118.9087167;2197070322.4891305;1898886298.9569733;1678578009.3799896;1508509229.472126;1372859058.6219418;1261885532.6280334
26.593871212114045;8001989652.469332;4595936175.247401;3322775362.8547688;2639672162.0890417;2208116494.843531;1908433296.6679776;1687017366.924512;1516093535.161574;1379761358.300121;1268229892.634297
26.693848084611748;8042180043.510038;4619019493.285006;3339464167.386332;2652930046.8178687;2219206869.7684617;1918018497.824108;1695490495.5605054;1523708190.3509462;1386691278.3501754;1274599640.3505738
26.79382495710945;8082529369.585787;4642194095.529218;3356218968.6813774;2666240360.555661;2230341102.1697946;1927641604.1670744;1703997131.633497;1531352958.098507;1393648603.1369555;1280994577.5723577
26.893801829607153;8123036395.48561;4665459272.53768;3373039253.8264346;2679602695.8348427;2241518851.196092;1937302321.105426;1712537014.7304795;1539027604.3755524;1400633119.6764114;1287414508.5318952
26.993778702104855;8163699901.462372;4688814323.749639;3389924516.329263;2693016650.2888665;2252739780.263124;1947000357.735777;1721109887.698608;1546731898.0832236;1407644617.6508462;1293859239.9123168
27.093755574602557;8204518683.292592;4712258557.520302;3406874256.1437016;2706481826.6721406;2264003557.070287;1956735426.8570137;1729715496.657746;1554465611.0638282;1414682889.4192736;1300328580.8570378
27.19373244710026;8245491552.309249;4735791291.139753;3423887979.6833315;2719997832.8707786;2275309853.6097913;1966507244.9781864;1738353591.0075133;1562228518.1070845;1421747730.023067;1306822342.9750514
27.293709319597962;8286617335.410651;4759411850.838065;3440965199.825119;2733564281.9055414;2286658346.168955;1976315532.320578;1747023923.4290304;1570020396.9517698;1428838937.1874766;1313340340.3422606
27.393686192095664;8327894875.046412;4783119571.777015;3458105435.903627;2747180791.9272265;2298048715.326479;1986160012.814402;1755726249.8820493;1577841028.2831235;1435956311.319256;1319882389.4992948
27.493663064593367;8369323029.183609;4806913798.030993;3475308213.696886;2760846986.205371;2309480645.943003;1996040414.09064;1764460329.5977561;1585690195.72632;1443099655.5007153;1326448309.4461071
27.59363993709107;8410900671.253534;4830793882.556181;3492573065.404468;2774562493.1110086;2320953827.1465087;2005956467.4685314;1773225925.0676463;1593567685.8365495;1450268775.4807186;1333037921.6336284
27.69361680958877;8452626690.082657;4854759187.150987;3509899529.618615;2788326946.0935516;2332467952.3131523;2015907907.9388866;1782022802.028821;1601473288.0857809;1457463479.6626244;1339651049.952709
27.793593682086474;8494499989.807314;4878809082.406978;3527287151.2888703;2802139983.652759;2344022719.0438232;2025894474.143855;1790850729.4461262;1609406794.8466654;1464683579.0896125;1346287520.720658
27.893570554584176;8536519489.774828;4902942947.6522455;3544735481.6811404;2816001249.30622;2355617829.136829;2035915908.3533695;1799709479.4912226;1617368001.3738334;1471928887.4277039;1352947162.6655762
27.99354742708188;8578684124.432406;4927160170.887329;3562244078.3312917;2829910391.55259;2367252988.5571585;2045971956.438542;1808598827.5192285;1625356705.7827485;1479199220.9464824;1359629806.9087107
28.09352429957958;8620992843.204018;4951460148.714818;3579812504.994407;2843867063.831054;2378927907.4026866;2056062367.8424447;1817518552.0427434;1633372709.0264926;1486494398.4980135;1366335286.9450033
28.193501172077283;8663444610.358145;4975842286.263138;3597440331.5894556;2857870924.477583;2390642299.8674765;2066186895.5484006;1826468434.7039223;1641415814.8706253;1493814241.4939;1373063438.6220467
28.293478044574986;8706038404.86533;5000305997.10492;3615127134.1405454;2871921636.6781096;2402395884.20262;2076345296.046184;1835448260.2445295;1649485829.8662622;1501158573.880819;1379814100.1176076
28.393454917072688;8748773220.248869;5024850703.17103;3632872494.714598;2886018868.4191227;2414188382.6749988;2086537329.2963142;1844457816.4743545;1657582563.3217278;1508527222.1147244;1386587111.9158518
28.49343178957039;8791648064.427502;5049475834.66038;3650676001.3560677;2900162292.435822;2426019521.523729;2096762758.6924415;1853496894.238114;1665705827.2727342;1515920015.1337097;1393382316.782508
28.593408662068093;8834661959.551918;5074180829.946066;3668537248.019366;2914351586.158292;2437889030.9153624;2107021351.0225961;1862565287.3810024;1673855436.4515114;1523336784.3298929;1400199559.7388961
28.693385534565795;8877813941.836197;5098965135.47851;3686455834.4984517;2928586431.6556973;2449796644.8970633;2117312876.428798;1871662792.7131147;1682031208.2547624;1530777363.520289;1407038688.035259
28.793362407063498;8921103061.384192;5123828205.685521;3704431366.354991;2942866515.57917;2461742101.348827;2127637108.3657076;1880789209.9728236;1690232962.710827;1538241588.9168613;1413899551.1231816
28.8933392795612;8964528382.011501;5148769502.870415;3722463454.844388;2957191529.1030703;2473725141.9344397;2137993823.558161;1889944341.78932;1698460522.4459329;1545729299.0959115;1420782000.6274455
28.993316152058902;9008088981.064651;5173788497.107946;3740551716.840622;2971561167.8652363;2485745512.0513635;2148382801.9580865;1899127993.644401;1706713712.6499302;1553240334.9667673;1427685890.3173342
29.093293024556605;9051783949.236675;5198884666.138366;3758695774.7597384;2985975131.9062247;2497802960.780064;2158803826.7004104;1908339973.833677;1714992361.0413682;1560774539.7401018;1434611076.077391
29.193269897054307;9095612390.380535;5224057495.260395;3776895256.482424;3000433125.6077623;2509897240.8324456;2169256684.0587363;1917580093.4272122;1723296297.8321214;1568331758.895748;1441557415.8779044
29.29324676955201;9139573421.320879;5249306477.222951;3795149795.275687;3014934857.630657;2522028108.499798;2179741163.400267;1926848166.22974;1731625355.6917715;1575911840.1501408;1448524769.7450008
29.393223642049712;9183666171.663763;5274631112.116032;3813459029.7139797;3029480040.8519354;2534195323.6004925;2190257057.1405015;1936144008.7407296;1739979369.7114825;1583514633.4236274;1455512999.7305298
29.493200514547414;9227889783.60562;5300030907.260876;3831822603.599818;3044068392.3019967;2546398649.4271073;2200804160.6977825;1945467440.1139634;1748358177.3678837;1591139990.8074617;1462521969.8818057
29.593177387045117;9272243411.741642;5325505377.099838;3850240165.884241;3058699633.1012406;2558637852.6936655;2211382272.4473715;1954818282.117173;1756761618.486711;1598787766.5307925;1469551546.2111769
